{"cameraMode":{"drawMode":0,"name":"Shaded","section":"Shading Mode"},"sceneLighting":true,"audioPlay":false,"sceneViewState":{"showFog":true,"showMaterialUpdate":false,"showSkybox":true,"showFlares":true,"showImageEffects":true,"showParticleSystems":true},"in2DMode":false,"pivot":{"x":-24.868404388427736,"y":-26.56930923461914,"z":28.670516967773439},"rotation":{"x":0.30776116251945498,"y":0.018851395696401597,"z":-0.006099202670156956,"w":0.9512700438499451},"size":109.3302993774414,"orthographic":false}